fit,pred
401.5160768032074,109.37245607376099
392.805969953537,106.36073541641235
390.44862842559814,105.14846134185791
408.0411479473114,110.74963355064392
407.60653138160706,109.94476056098938
