fit,pred
4.735506296157837,6.758856534957886
