fit,pred
188.16359329223633,51.052876234054565
188.4217574596405,50.465657234191895
185.55173635482788,50.26616287231445
185.42942023277283,51.7384979724884
187.2310004234314,50.93757438659668
