fit,pred
189.73951292037964,50.360198736190796
191.9632465839386,50.4223575592041
186.80738353729248,50.98352003097534
188.43428492546082,51.36731791496277
188.12798690795898,51.59880352020264
