fit,pred
3.033473491668701,0.34844470024108887
3.0388264656066895,0.44494199752807617
3.4858174324035645,0.3512883186340332
3.51133131980896,0.3490760326385498
3.5348594188690186,0.4457385540008545
3.658013105392456,0.4486658573150635
3.589096784591675,0.5535123348236084
3.6814393997192383,0.45102572441101074
3.8926990032196045,0.4491305351257324
3.4846913814544678,0.3496711254119873
