fit,pred
5.180079460144043,6.694448471069336
