fit,pred
1.260260820388794,0.3426172733306885
1.263394832611084,0.3421909809112549
1.2667057514190674,0.3418245315551758
1.2686843872070312,0.5413720607757568
1.264604091644287,0.34194183349609375
