fit,pred
4.403191804885864,0.24612903594970703
4.458846807479858,0.3452935218811035
4.781047582626343,0.24263620376586914
4.405669212341309,0.24411463737487793
4.580784797668457,0.24114036560058594
4.8854451179504395,0.24578452110290527
4.860898971557617,4.555706977844238
4.447312593460083,0.24886775016784668
4.784589767456055,0.349379301071167
4.440344572067261,0.34667253494262695
