fit,pred
445.2116234302521,37.70064640045166
445.9234483242035,34.28504514694214
466.2758023738861,42.39241647720337
464.1094183921814,44.35782313346863
452.8869550228119,42.8370156288147
