fit,pred
0.5910298824310303,0.6089730262756348
0.5885107517242432,0.7091121673583984
0.5910794734954834,1.1099200248718262
0.5799481868743896,0.6106185913085938
0.5712995529174805,0.6099469661712646
