fit,pred
685.9656994342804,43.386024475097656
746.4180755615234,43.14083170890808
