fit,pred
6.76971960067749,2119.486014842987
