fit,pred
1.8130707740783691,65.26594138145447
