fit,pred
170.88135290145874,128.81166434288025
168.01855635643005,118.67404794692993
170.8789505958557,132.60473251342773
169.79643726348877,133.75990056991577
167.48010730743408,132.06342434883118
