fit,pred
405.8823597431183,109.01819396018982
399.57976245880127,498.4167010784149
