fit,pred
0.5926010608673096,1.010589361190796
0.5798118114471436,0.611640453338623
0.5853245258331299,1.0123138427734375
0.588139533996582,1.0103497505187988
0.576373815536499,1.0106770992279053
