fit,pred
1299.500096321106,47.237009048461914
870.6860737800598,45.791043519973755
845.7238509654999,45.11954975128174
840.898035287857,44.664459228515625
857.4810063838959,36.29973220825195
