fit,pred
685.9656994342804,43.386024475097656
746.4180755615234,43.14083170890808
715.3314263820648,42.41098952293396
711.2152576446533,42.883431911468506
722.7859854698181,34.185450077056885
