fit,pred
839.4124069213867,46.10633873939514
873.9996652603149,45.66916275024414
848.5901665687561,46.632999420166016
838.8832175731659,46.54228353500366
863.2156405448914,37.46528768539429
