fit,pred
6.591641664505005,0.3570981025695801
6.548666954040527,0.24356555938720703
6.86925482749939,6.667323589324951
6.762267112731934,0.236769437789917
7.152206659317017,0.24434518814086914
